{
  "articulos": [
      {
          "precio": "38900",
          "articulo": "Amplificador Proyector Para Celular Lupa 3d Hd",
          "descuento": "0",
          "urlimagen": "https://i.ibb.co/N6ZZ61b/amplificador-proyector-para-celular-lupa-3d-hd.png",
          "valoracion": "22",
          "descripcion": "AMPLIFICADOR DE PANTALLA DE TELÉFONO MÓVIL, proyector portátil para acampar, viajes, escritorio, vídeo 3D, soporte para teléfono.",
          "calificaciones": "9"
      },
      {
          "precio": "135000",
          "articulo": "Audífonos gamer inalámbricos Lenovo LP7 negro",
          "descuento": "15",
          "urlimagen": "https://i.ibb.co/tHTZqfX/audifonos-gamer-inalambricos-lenovo-lp7-negro.png",
          "valoracion": "41",
          "descripcion": "Al ser clip-ear cuentan con un brazo para engancharse en tu oreja, lo que los convierte en tu mejor opción. Son aptos para hacer deporte o estar en movimiento al compás de tu playlist.",
          "calificaciones": "349"
      },
      {
          "precio": "199500",
          "articulo": "Audífonos inalámbricos JBL Tune 510BT JBLT510BT negro",
          "descuento": "0",
          "urlimagen": "https://i.ibb.co/Kw7Xyh3/audifonos-inalambricos-jbl-tune-510bt-jblt510bt-negro.png",
          "valoracion": "49",
          "descripcion": "Al ser on-ear se apoyan en tus orejas cómodamente y ofrecen una gran calidad de sonido. Úsalos en viajes largos o actividades al aire libre.",
          "calificaciones": "1341"
      },
      {
          "precio": "27700",
          "articulo": "Audífonos in-ear inalámbricos Bluetooth F9-5 negro",
          "descuento": "0",
          "urlimagen": "https://i.ibb.co/n6CVmQW/audifonos-in-ear-inalambricos-bluetooth-f9-5-negro.png",
          "valoracion": "44",
          "descripcion": "En la calle, en el autobús o en la oficina, mantén contigo siempre los auriculares F9-5 y ¡escapa de la monotonía por un tiempo! Disfruta de tus canciones favoritas y podcasts cuando quieras y donde quieras.",
          "calificaciones": "2649"
      },
      {
          "precio": "66500",
          "articulo": "Audífonos Pro 2da Generación Compatibles iPhone Android Oem",
          "descuento": "0",
          "urlimagen": "https://i.ibb.co/hZZpyXk/audifonos-pro-2da-generacion-compatibles-iphone-android-oem.png",
          "valoracion": "46",
          "descripcion": "En la calle, en el colectivo o en la oficina, ten siempre a mano tus audífonos pro Segunda generación y ¡escápate de la rutina por un rato! Vas a poder disfrutar de la música que más te gusta y de tus podcasts favoritos cuando quieras y donde quieras.",
          "calificaciones": "271"
      },
      {
          "precio": "6900",
          "articulo": "Bolsa Protectora Para Celulares Impermeable Ideal Piscina",
          "descuento": "0",
          "urlimagen": "https://i.ibb.co/dkvPRmK/bolsa-protectora-para-celulares-impermeable-ideal-piscina.png",
          "valoracion": "43",
          "descripcion": "Podrás llevar tu Smartphone o iPhone a cualquier lugar, gracias a este fabuloso accesorio, podrás bucear, nadar, tomar fotos bajo el agua, todo sin temor a que su celular se moje o que no funcione la pantalla táctil.",
          "calificaciones": "58"
      },
      {
          "precio": "59900",
          "articulo": "Cargador + Cable Xiaomi 67w Max Original",
          "descuento": "0",
          "urlimagen": "https://i.ibb.co/V3YGckT/cargador-cable-xiaomi-67w-max-original.png",
          "valoracion": "39",
          "descripcion": "Utiliza tu dispositivo en todo momento y lugar, asegurando una carga eficaz y segura con el cargador Xiaomi MDY-12-ES.",
          "calificaciones": "18"
      },
      {
          "precio": "19900",
          "articulo": "Estuche Funda Acrilico Transparente Space Antigolpe Rigido",
          "descuento": "0",
          "urlimagen": "https://i.ibb.co/ZJ9Q2m2/estuche-funda-acrilico-transparente-space-antigolpe-rigido.png",
          "valoracion": "48",
          "descripcion": "Funda totalmente transparente de reverso acrilico y bordes en TPU flexible que brindan gran proteccion al equipo antes caidas accidentales.",
          "calificaciones": "394"
      },
      {
          "precio": "30000",
          "articulo": "Funda Estuche Anti Golpes Con Anillo",
          "descuento": "5",
          "urlimagen": "https://i.ibb.co/rbSxfFm/funda-estuche-anti-golpes-con-anillo.png",
          "valoracion": "47",
          "descripcion": "Diseño de soporte giratorio de 360° El soporte de metal puede girar 360°, fácil de girar y resistente en la funda. El soporte integrado te da la comodidad para ver vídeos y películas con manos libres con comodidad y estabilidad deseadas.",
          "calificaciones": "601"
      },
      {
          "precio": "34400",
          "articulo": "Funda Estuche Antichoque Reforzado Para Xiaomi",
          "descuento": "30",
          "urlimagen": "https://i.ibb.co/kG25cdQ/funda-estuche-antichoque-reforzado-para-xiaomi.png",
          "valoracion": "47",
          "descripcion": "Encaje perfecto en su celular brindando máxima protección, fácil acceso a todos los puertos y funciones de tu celular.",
          "calificaciones": "549"
      },
      {
          "precio": "39900",
          "articulo": "Holder De Celular Soporte Impermeable Moto Bicicleta",
          "descuento": "20",
          "urlimagen": "https://i.ibb.co/NTZhRd4/holder-de-celular-soporte-impermeable-moto-bicicleta.png",
          "valoracion": "39",
          "descripcion": "Este soporte permite montar el teléfono móvil en el manubrio, ideal para que toque la pantalla con una mano mientras conduce.",
          "calificaciones": "91"
      },
      {
          "precio": "14900",
          "articulo": "Holder Magnéctico Para Auto Soporte Para Celulares",
          "descuento": "25",
          "urlimagen": "https://i.ibb.co/6mdXrf5/holder-magnectico-para-auto-soporte-para-celulares.png",
          "valoracion": "36",
          "descripcion": "Lo más llamativo de este soporte es su facilidad de uso, fácil colocación, adaptable, sencillo y robusto. Esta compuesto por el soporte y una lámina que hace el magnetismo con el holder, está lámina va adherida al celular o a la carcasa y debe estar en contacto directo con el holder.",
          "calificaciones": "135"
      },
      {
          "precio": "69900",
          "articulo": "Power Bank Pila Bateria Portatil 10000mah Real 1hora Gar094",
          "descuento": "45",
          "urlimagen": "https://i.ibb.co/Wpm1BtK/power-bank-pila-bateria-portatil-10000mah-real-1hora-gar094.png",
          "valoracion": "31",
          "descripcion": "Utiliza tu dispositivo en todo momento y lugar, asegurando una carga eficaz y segura con el cargador Power Bank GAR094.",
          "calificaciones": "157"
      },
      {
          "precio": "26900",
          "articulo": "Soporte Celular 360 Bici Trotar Moto Porta Celular De Mano",
          "descuento": "30",
          "urlimagen": "https://i.ibb.co/4SFSSxn/soporte-celular-360-bici-trotar-moto-porta-celular-de-mano.png",
          "valoracion": "47",
          "descripcion": "Ideal para fijar tu celular de forma segura y práctica mientras realizas Ciclismo de Ruta, MTB o como GPS en Moto o coche.",
          "calificaciones": "24"
      },
      {
          "precio": "39900",
          "articulo": "Soporte Celular Compatible Con Control Xbox One Series S-x",
          "descuento": "0",
          "urlimagen": "https://i.ibb.co/JjFRs10/soporte-celular-compatible-con-control-xbox-one-series-s-x.png",
          "valoracion": "47",
          "descripcion": "Smart Clip abrazadera Teléfono Móvil soporte para control de Xbox One y Xbox Series S y X para Android y iphone de alta calidad.",
          "calificaciones": "12"
      },
      {
          "precio": "34800",
          "articulo": "Soporte Celular Impermeable Para Baño Cocina Ducha",
          "descuento": "45",
          "urlimagen": "https://i.ibb.co/1zRMz9K/soporte-celular-impermeable-para-bano-cocina-ducha.png",
          "valoracion": "49",
          "descripcion": "Este soporte impermeable para teléfono de ducha se puede montar en espejos, azulejos de cocina o baño. Es una funda sellada, sin miedo a salpicaduras o derrames.",
          "calificaciones": "7"
      },
      {
          "precio": "24800",
          "articulo": "Soporte De Celular Para Computador Magnético Abs Lateral",
          "descuento": "5",
          "urlimagen": "https://i.ibb.co/BjXtz9C/soporte-de-celular-para-computador-magnetico-abs-lateral.png",
          "valoracion": "34",
          "descripcion": "Adaptable a todos los modelos de monitores de pc y modelos de celular. Fácil de utilizar, tan solo debes retirar la pega del soporte, colocarlo en una superficie plana de tu monitor.",
          "calificaciones": "23"
      },
      {
          "precio": "28500",
          "articulo": "Soporte Holder Bolso Porta Celular Para Bicicleta",
          "descuento": "0",
          "urlimagen": "https://i.ibb.co/tbC6Z0P/soporte-holder-bolso-porta-celular-para-bicicleta.png",
          "valoracion": "45",
          "descripcion": "Cuenta con una funda para teléfono con pantalla táctil, visera solar, puerto para auriculares, elementos reflectantes y más aspectos destacados para hacer de la bolsa una opción perfecta para los amantes del ciclismo.",
          "calificaciones": "8"
      },
      {
          "precio": "18000",
          "articulo": "Tarjeta de memoria Adata AUSDX64GUICL10-RA1 Premier con adaptador SD 64GB",
          "descuento": "0",
          "urlimagen": "https://i.ibb.co/f0wTYDc/tarjeta-de-memoria-adata-ausdx64guicl10-ra1-premier-con-adaptador-sd-64gb.png",
          "valoracion": "46",
          "descripcion": "Esta tarjeta MicroSDXC posee un almacenamiento confiable y de gran rendimiento. Ideal para filmar videos de alta resolución y tomar fotografías con alto nivel de detalle.",
          "calificaciones": "583"
      }
  ],
  "resultado": "ok"
}